{
  "meta": {
    "n_runs": 5,
    "seeds": [
      101,
      102,
      103,
      104,
      105
    ],
    "rounds": 5,
    "model": "openrouter/qwen/qwen-plus",
    "ontology_a": "runs/e2e2-2026-05-29/ontology_a_persona.json"
  },
  "metrics": {
    "action_entropy_normalized": {
      "n": 5,
      "mean": 0.8610935108562622,
      "std": 0.014225494542018786,
      "min": 0.8431674220285855,
      "max": 0.8749614738384072
    },
    "follow_clustering_coefficient": {
      "n": 5,
      "mean": 0.06057604051721699,
      "std": 0.05507191896110491,
      "min": 0.0,
      "max": 0.15018518518518517
    },
    "content_word_entropy_normalized": {
      "n": 5,
      "mean": 0.9576499934962153,
      "std": 0.0023455627821027604,
      "min": 0.9540891448876675,
      "max": 0.9605967665431353
    },
    "cascade_max_depth": {
      "n": 5,
      "mean": 2.0,
      "std": 0.7071067811865476,
      "min": 1.0,
      "max": 3.0
    },
    "cascade_max_breadth": {
      "n": 5,
      "mean": 7.8,
      "std": 4.207136793592526,
      "min": 5.0,
      "max": 15.0
    },
    "cascade_max_scale": {
      "n": 5,
      "mean": 9.4,
      "std": 4.39317652729776,
      "min": 6.0,
      "max": 17.0
    },
    "n_cascades": {
      "n": 5,
      "mean": 10.6,
      "std": 2.8809720581775866,
      "min": 7.0,
      "max": 15.0
    },
    "follow_ideology_gap": {
      "n": 5,
      "mean": 0.23368963049334565,
      "std": 0.03687551750933957,
      "min": 0.17357142857142857,
      "max": 0.2726470588235294
    },
    "ideology_assortativity": {
      "n": 5,
      "mean": 0.1353585594693821,
      "std": 0.2240589219261592,
      "min": -0.12376462825135316,
      "max": 0.47155706023554855
    },
    "popularity_gini": {
      "n": 5,
      "mean": 0.48170644334288737,
      "std": 0.07374277170084301,
      "min": 0.392156862745098,
      "max": 0.5952380952380953
    },
    "early_mover_share": {
      "n": 5,
      "mean": 0.6153648525387656,
      "std": 0.14389359709918345,
      "min": 0.375,
      "max": 0.7435897435897436
    }
  }
}