{
  "meta": {
    "schema": "1",
    "n_runs": 11,
    "seeds": [
      7,
      101,
      102,
      103,
      104,
      105,
      106,
      107,
      108,
      109,
      110
    ],
    "rounds": 5,
    "model": "openrouter/qwen/qwen-plus",
    "ontology_a": "runs/e2e2-2026-05-29/ontology_a_persona.json"
  },
  "metrics": {
    "action_entropy_normalized": {
      "n": 11,
      "mean": 0.7917885150414704,
      "std": 0.034653083124158345,
      "min": 0.7490635129930245,
      "max": 0.8493438244101568
    },
    "content_word_entropy_normalized": {
      "n": 11,
      "mean": 0.9442690423062315,
      "std": 0.0025638771797060074,
      "min": 0.9380991929221036,
      "max": 0.9472836792916833
    },
    "cascade_max_depth": {
      "n": 11,
      "mean": 1.3636363636363635,
      "std": 0.674199862463242,
      "min": 1.0,
      "max": 3.0
    },
    "cascade_max_breadth": {
      "n": 11,
      "mean": 7.818181818181818,
      "std": 3.4588489940493736,
      "min": 3.0,
      "max": 14.0
    },
    "cascade_max_scale": {
      "n": 11,
      "mean": 8.636363636363637,
      "std": 3.6131074512869743,
      "min": 4.0,
      "max": 16.0
    },
    "n_cascades": {
      "n": 11,
      "mean": 7.090909090909091,
      "std": 2.119176512447486,
      "min": 3.0,
      "max": 10.0
    },
    "follow_ideology_gap": {
      "n": 11,
      "mean": 0.2060144431280219,
      "std": 0.01982848894732522,
      "min": 0.16,
      "max": 0.22854166666666667
    },
    "ideology_assortativity": {
      "n": 11,
      "mean": 0.01527353999590269,
      "std": 0.13597153064819048,
      "min": -0.15245922448129023,
      "max": 0.23712716520041582
    },
    "popularity_gini": {
      "n": 11,
      "mean": 0.43929272398520197,
      "std": 0.037252241139224145,
      "min": 0.39074074074074083,
      "max": 0.48601398601398604
    },
    "early_mover_share": {
      "n": 11,
      "mean": 0.5082983644882959,
      "std": 0.11055680649825796,
      "min": 0.36,
      "max": 0.7368421052631579
    }
  }
}